hospital_code,hospital_name,hospital_address,administrative_division_code,perinatal_center_type,WKT
0110113719,ＮＴＴ東日本札幌病院,北海道札幌市中央区南１条西１５丁目２９０番地,01101,地域,POINT (141.3347599 43.0559107)
0110116381,市立札幌病院,北海道札幌市中央区北１１条西１３丁目１番１号,01101,総合,POINT (141.334364 43.0711045)
0110119385,札幌医科大学附属病院,北海道札幌市中央区南１条西１６丁目２９１番地,01101,地域,POINT (141.3334851 43.0552652)
0110217759,天使病院,北海道札幌市東区北１２条東３丁目１番１号,01103,地域,POINT (141.3573439 43.0765107)
0110310539,独立行政法人地域医療機能推進機構北海道病院,北海道札幌市豊平区中の島１条８丁目３番１８号,01105,地域,POINT (141.356014 43.025592)
0110414315,手稲渓仁会病院,北海道札幌市手稲区前田１条１２丁目１番４０号,01109,地域,POINT (141.2433707 43.1225691)
0111111654,市立千歳市民病院,北海道千歳市北光２丁目１番１号,01224,その他,POINT (141.6397836 42.8437624)
0111410031,社会福祉法人函館厚生院函館五稜郭病院,北海道函館市五稜郭町３８番３号,01202,その他,POINT (140.755521 41.792436)
0111410049,函館中央病院,北海道函館市本町３３番２号,01202,総合,POINT (140.7518406 41.7868317)
0111416756,市立函館病院,北海道函館市港町１丁目１０番１号,01202,地域,POINT (140.7294512 41.8053195)
0111510707,八雲総合病院,北海道二海郡八雲町東雲町５０番地,01346,地域,POINT (140.2796817 42.2524929)
0111610895,北海道立江差病院,北海道檜山郡江差町字伏木戸町４８４番地,01361,地域,POINT (140.14481 41.913384)
0112010087,社会福祉法人北海道社会事業協会小樽病院,北海道小樽市住の江１丁目６番１５号,01203,地域,POINT (141.004964 43.185698)
0112910062,旭川赤十字病院,北海道旭川市曙１条１丁目１番１号,01204,地域,POINT (142.3483043 43.7696296)
0112910997,市立旭川病院,北海道旭川市金星町１丁目１番６５号,01204,その他,POINT (142.3661032 43.778054)
0112914577,ＪＡ北海道厚生連旭川厚生病院,北海道旭川市１条通２４丁目１１１番地３,01204,地域,POINT (142.3849006 43.7588319)
0113011100,社会福祉法人北海道社会事業協会富良野病院,北海道富良野市住吉町１番３０号,01229,地域,POINT (142.3925876 43.3478914)
0113211437,名寄市立総合病院,北海道名寄市西７条南８丁目１番地,01221,地域,POINT (142.4519943 44.3489423)
0113512040,社会医療法人母恋日鋼記念病院,北海道室蘭市新富町１丁目５番１３号,01205,地域,POINT (140.9854373 42.3156455)
0113512511,社会医療法人製鉄記念室蘭病院,北海道室蘭市知利別町１丁目４５番地,01205,その他,POINT (141.016789 42.357435)
0113612931,王子総合病院,北海道苫小牧市若草町３丁目４番８号,01213,地域,POINT (141.6037945 42.6385076)
0113613657,苫小牧市立病院,北海道苫小牧市清水町１丁目５番２０号,01213,地域,POINT (141.6029421 42.6516629)
0113710016,総合病院伊達赤十字病院,北海道伊達市末永町８１番地,01233,その他,POINT (140.8697997 42.4755534)
0113810089,総合病院浦河赤十字病院,北海道浦河郡浦河町東町ちのみ１丁目２番１号,01607,地域,POINT (142.7879195 42.159337)
0114110679,総合病院釧路赤十字病院,北海道釧路市新栄町２１番１４号,01206,総合,POINT (144.3810059 43.0018456)
0114111859,市立釧路総合病院,北海道釧路市春湖台１番１２号,01206,地域,POINT (144.4034569 42.9769509)
0114210834,町立中標津病院,北海道標津郡中標津町西１０条南９丁目１番地１,01692,地域,POINT (144.9725098 43.5365124)
0114613292,社会福祉法人北海道社会事業協会帯広病院,北海道帯広市東５条南９丁目２番地,01207,地域,POINT (143.213993 42.9226623)
0114614456,ＪＡ北海道厚生連帯広厚生病院,北海道帯広市西１４条南１０丁目１番地,01207,総合,POINT (143.1810386 42.9194007)
0115010076,北見赤十字病院,北海道北見市北６条東２丁目１番地,01208,地域,POINT (143.8935386 43.8085983)
0115110934,広域紋別病院,北海道紋別市落石町１丁目３番３７号,01219,地域,POINT (143.3467488 44.3617194)
0115310021,ＪＡ北海道厚生連網走厚生病院,北海道網走市北６条西１丁目９番地,01211,地域,POINT (144.2628204 44.0257599)
0115410698,ＪＡ北海道厚生連遠軽厚生病院,北海道紋別郡遠軽町大通北３丁目１番５号,01555,地域,POINT (143.5243675 44.0625264)
0115710303,岩見沢市立総合病院,北海道岩見沢市９条西７丁目２番地,01210,地域,POINT (141.7653313 43.1953886)
0116411372,留萌市立病院,北海道留萌市東雲町２丁目１６番地,01212,地域,POINT (141.6774546 43.931547)
0116710500,市立稚内病院,北海道稚内市中央４丁目１１番６号,01214,地域,POINT (141.6734406 45.4131645)
0117110460,砂川市立病院,北海道砂川市西４条北３丁目１番１号,01226,地域,POINT (141.904737 43.494576)
0117410530,深川市立病院,北海道深川市６条６番１号,01228,地域,POINT (142.0402205 43.716131)
0117510016,滝川市立病院,北海道滝川市大町２丁目２番３４号,01225,地域,POINT (141.9114712 43.5585782)
0118010016,北海道大学病院,北海道札幌市北区北１４条西５丁目,01102,地域,POINT (141.3453257 43.0776584)
0118010214,旭川医科大学病院,北海道旭川市緑が丘東２条１丁目１番１号,01204,地域,POINT (142.3838219 43.730099)
0210114765,青森県立中央病院,青森県青森市東造道二丁目１－１,02201,総合,POINT (140.793926 40.8295693)
0210215703,津軽保健生活協同組合健生病院,青森県弘前市大字扇町二丁目２番２,02202,その他,POINT (140.501425 40.5866195)
0210312542,八戸赤十字病院,青森県八戸市大字田面木字中明戸２番地,02203,その他,POINT (141.4483413 40.501207)
0210315255,八戸市立市民病院,青森県八戸市田向三丁目１番１号,02203,地域,POINT (141.5125919 40.4934115)
0210511424,つがる西北五広域連合つがる総合病院,青森県五所川原市字岩木町１２番地３,02205,その他,POINT (140.4406427 40.8078147)
0210810339,むつ総合病院,青森県むつ市小川町一丁目２－８,02208,地域,POINT (141.2019942 41.2937132)
0218010114,独立行政法人国立病院機構弘前総合医療センター,青森県弘前市大字富野町１,02202,地域,POINT (140.4762611 40.5899911)
0218010221,弘前大学医学部附属病院,青森県弘前市大字本町５３,02202,地域,POINT (140.466038 40.5991958)
0310113311,岩手県立中央病院,岩手県盛岡市上田一丁目４番１号,03201,地域,POINT (141.1460538 39.7133994)
0310114137,盛岡赤十字病院,岩手県盛岡市三本柳６地割１番地１,03201,地域,POINT (141.167492 39.6614885)
0310210588,岩手県立宮古病院,岩手県宮古市崎鍬ケ崎第１地割１１番地２６,03202,地域,POINT (141.9483962 39.6587982)
0310310537,岩手県立大船渡病院,岩手県大船渡市大船渡町字山馬越１０番地１,03203,地域,POINT (141.707435 39.0726729)
0310611546,岩手県立中部病院,岩手県北上市村崎野１７地割１０番地,03206,地域,POINT (141.1050729 39.3296509)
0310611827,社会福祉法人恩賜財団済生会北上済生会病院,岩手県北上市九年橋三丁目１５番３３号,03206,地域,POINT (141.1082697 39.2847139)
0310710355,岩手県立久慈病院,岩手県久慈市旭町第１０地割１番,03207,地域,POINT (141.7774351 40.2001356)
0310911458,岩手県立磐井病院,岩手県一関市狐禅寺字大平１７番地,03209,地域,POINT (141.1698116 38.9354724)
0311110498,岩手県立釜石病院,岩手県釜石市甲子町第１０地割４８３番地６,03211,その他,POINT (141.816543 39.255253)
0311310122,岩手県立二戸病院,岩手県二戸市堀野字大川原毛３８番地２,03213,地域,POINT (141.3060241 40.2999969)
0312211212,岩手医科大学附属病院,岩手県紫波郡矢巾町医大通二丁目１番１号,03322,総合,POINT (141.1630952 39.6143599)
0410210017,石巻赤十字病院,宮城県石巻市蛇田字西道下７１,04202,地域,POINT (141.2801946 38.459043)
0410310171,公益財団法人宮城厚生協会坂総合病院,宮城県塩竈市錦町１６ー５,04203,その他,POINT (141.0155083 38.3065398)
0410510994,気仙沼市立病院,宮城県気仙沼市赤岩杉ノ沢８番地２,04205,地域,POINT (141.5662743 38.8874806)
0411510019,大崎市民病院,宮城県大崎市古川穂波３－８－１,04215,地域,POINT (140.9440631 38.5655457)
0412211013,みやぎ県南中核病院,宮城県柴田郡大河原町西３８－１,04321,その他,POINT (140.735031 38.062067)
0415110030,国家公務員共済組合連合会東北公済病院,宮城県仙台市青葉区国分町　２ー３ー１１,04101,地域,POINT (140.8683176 38.2628124)
0415116250,宮城県立こども病院,宮城県仙台市青葉区落合４－３－１７,04101,地域,POINT (140.7823914 38.2748357)
0415213008,東北医科薬科大学病院,宮城県仙台市宮城野区福室一丁目１２番１号,04102,その他,POINT (140.9668917 38.269439)
0415410760,仙台赤十字病院,宮城県仙台市太白区八木山本町２ー４３ー３,04104,総合,POINT (140.8398298 38.2364841)
0415413269,仙台市立病院,宮城県仙台市太白区あすと長町１－１－１,04104,地域,POINT (140.8883288 38.2319644)
0418010146,東北大学病院,宮城県仙台市青葉区星陵町１－１,04101,総合,POINT (140.8614401 38.2717828)
0418010179,独立行政法人国立病院機構仙台医療センター,宮城県仙台市宮城野区宮城野二丁目１１番１２号,04102,地域,POINT (140.9059738 38.2600433)
0510111206,社会医療法人明和会中通総合病院,秋田県秋田市南通みその町３番１５号,05201,その他,POINT (140.1229392 39.7108972)
0510114093,秋田赤十字病院,秋田県秋田市上北手猿田字苗代沢２２２番地１号,05201,総合,POINT (140.1527078 39.6867785)
0510311277,市立横手病院,秋田県横手市根岸町５－３１,05203,その他,POINT (140.5689547 39.3182705)
0510311384,平鹿総合病院,秋田県横手市前郷字八ツ口３番１,05203,地域,POINT (140.5493968 39.3124467)
0510410194,大館市立総合病院,秋田県大館市豊町３番１号,05204,地域,POINT (140.555194 40.273177)
0518010046,秋田大学医学部附属病院,秋田県秋田市広面字蓮沼４４－２,05201,地域,POINT (140.1492087 39.7302305)
0610110033,山形市立病院済生館,山形県山形市七日町１－３－２６,06201,その他,POINT (140.3374116 38.2532704)
0610113656,社会福祉法人恩賜財団済生会山形済生病院,山形県山形市沖町７９－１,06201,地域,POINT (140.334946 38.28513)
0610114332,山形県立中央病院,山形県山形市青柳１８００,06201,総合,POINT (140.3460862 38.3001045)
0610410334,米沢市立病院,山形県米沢市相生町６－３６,06202,その他,POINT (140.1193567 37.9047498)
0610712259,鶴岡市立荘内病院,山形県鶴岡市泉町４番２０号,06203,地域,POINT (139.8296779 38.7317616)
0610812497,日本海総合病院,山形県酒田市あきほ町３０番地,06204,その他,POINT (139.854457 38.8903796)
0611110867,山形県立新庄病院,山形県新庄市金沢７２０番地の１,06205,その他,POINT (140.309189 38.7679833)
0612610493,公立置賜総合病院,山形県東置賜郡川西町大字西大塚２０００,06382,その他,POINT (140.0568863 38.0510321)
0616010021,国立大学法人山形大学医学部附属病院,山形県山形市飯田西２－２－２,06201,地域,POINT (140.3204544 38.2151319)
0710116930,公立大学法人福島県立医科大学附属病院,福島県福島市光が丘１,07201,総合,POINT (140.4708526 37.689546)
0710118035,一般財団法人大原記念財団大原綜合病院,福島県福島市上町６番１号,07201,地域,POINT (140.468445 37.7530896)
0710210246,竹田綜合病院,福島県会津若松市山鹿町３－２７,07202,地域,POINT (139.9225151 37.4900675)
0710211772,会津中央病院,福島県会津若松市鶴賀町１－１,07202,その他,POINT (139.9451252 37.5216853)
0710312356,一般財団法人太田綜合病院附属太田西ノ内病院,福島県郡山市西ノ内２－５－２０,07203,地域,POINT (140.3664967 37.4072161)
0710313586,一般財団法人脳神経疾患研究所附属総合南東北病院,福島県郡山市八山田７丁目１１５,07203,その他,POINT (140.3836439 37.4226432)
0710316860,公益財団法人湯浅報恩会寿泉堂綜合病院,福島県郡山市駅前１－１－１７,07203,その他,POINT (140.3852455 37.396369)
0710317074,公益財団法人星総合病院,福島県郡山市向河原町,07203,その他,POINT (140.3924241 37.4021774)
0710411497,いわき市医療センター,福島県いわき市内郷御厩町久世原１６,07204,地域,POINT (140.8695414 37.0423873)
0710511429,福島県厚生農業協同組合連合会白河厚生総合病院,福島県白河市豊地上弥次郎２－１,07205,その他,POINT (140.21552 37.1450574)
0710710021,公立岩瀬病院,福島県須賀川市北町２０,07207,その他,POINT (140.3742899 37.2949208)
0810110056,水戸赤十字病院,茨城県水戸市三の丸３－１２－４８,08201,地域,POINT (140.4865519 36.3712449)
0810110213,茨城県立こども病院,茨城県水戸市双葉台３－３－１,08201,総合,POINT (140.3939903 36.3988104)
0810210047,株式会社日立製作所日立総合病院,茨城県日立市城南町２－１－１,08202,地域,POINT (140.644757 36.590369)
0810312363,総合病院土浦協同病院,茨城県土浦市おおつ野四丁目１番１号,08203,総合,POINT (140.2584852 36.0834296)
0811410331,県北医療センター高萩協同病院,茨城県高萩市大字上手綱上ヶ穂町１００６－９,08214,その他,POINT (140.6842547 36.7327956)
0811710102,ＪＡとりで総合医療センター,茨城県取手市本郷２－１－１,08217,地域,POINT (140.068748 35.911038)
0811910231,社会医療法人若竹会つくばセントラル病院,茨城県牛久市柏田町１５８９－３,08219,その他,POINT (140.1578288 35.9823064)
0812010049,一般財団法人筑波麓仁会筑波学園病院,茨城県つくば市上横場字細田２５７３－１,08220,その他,POINT (140.0980183 36.0384919)
0812910016,社会福祉法人白十字会白十字総合病院,茨城県神栖市賀２１４８,08232,その他,POINT (140.623117 35.899991)
0813111002,独立行政法人国立病院機構水戸医療センター,茨城県東茨城郡茨城町桜の郷２８０番地,08302,その他,POINT (140.4097624 36.3249955)
0813811171,東京医科大学茨城医療センター,茨城県稲敷郡阿見町中央３－２０－１,08443,その他,POINT (140.2167654 36.0366448)
0814310066,茨城西南医療センター病院,茨城県猿島郡境町２１９０,08546,地域,POINT (139.796199 36.119008)
0815110028,独立行政法人国立病院機構霞ヶ浦医療センター,茨城県土浦市下高津２－７－１４,08203,その他,POINT (140.192768 36.0731004)
0815110051,筑波大学附属病院,茨城県つくば市天久保２－１－１,08220,総合,POINT (140.1021965 36.0922751)
0910410489,佐野厚生総合病院,栃木県佐野市堀米町１７２８番地,09204,地域,POINT (139.5734473 36.3251475)
0910910538,芳賀赤十字病院,栃木県真岡市中萩二丁目１０番地１,09209,地域,POINT (140.0118684 36.4515603)
0911210060,菅間記念病院,栃木県那須塩原市大黒町２－５,09213,その他,POINT (140.0487135 36.9713685)
0915110373,日本赤十字社栃木県支部足利赤十字病院,栃木県足利市五十部町２８４番地１,09202,地域,POINT (139.4218804 36.3393217)
0915110399,那須赤十字病院,栃木県大田原市中田原１０８１番地４,09210,地域,POINT (140.0374531 36.881894)
0915210074,自治医科大学附属病院,栃木県下野市薬師寺３３１１－１,09216,総合,POINT (139.8601471 36.3994906)
0915210173,獨協医科大学病院,栃木県下都賀郡壬生町大字北小林８８０,09361,総合,POINT (139.825293 36.472362)
0915210181,国際医療福祉大学病院,栃木県那須塩原市井口５３７－３,09213,地域,POINT (139.971231 36.912206)
0916210115,済生会宇都宮病院,栃木県宇都宮市竹林町９１１－１,09201,地域,POINT (139.8971554 36.5787979)
0917110041,独立行政法人国立病院機構栃木医療センター,栃木県宇都宮市中戸祭１－１０－３７,09201,その他,POINT (139.866525 36.5794)
1010110037,独立行政法人地域医療機能推進機構群馬中央病院,群馬県前橋市紅雲町１－７－１３,10201,地域,POINT (139.0609992 36.3862799)
1010110151,前橋協立病院,群馬県前橋市朝倉町８２８－１,10201,その他,POINT (139.0858466 36.3694489)
1010112611,前橋赤十字病院,群馬県前橋市朝倉町３８９－１,10201,地域,POINT (139.0964801 36.3591716)
1010310363,利根中央病院,群馬県沼田市沼須町９１０番地１,10206,その他,POINT (139.0514875 36.6255638)
1011210414,公立藤岡総合病院,群馬県藤岡市中栗須８１３番地１,10209,地域,POINT (139.0788194 36.2674459)
1011310024,公立富岡総合病院,群馬県富岡市富岡２０７３－１,10210,その他,POINT (138.9037729 36.2635105)
1012410021,桐生厚生総合病院,群馬県桐生市織姫町６－３,10203,地域,POINT (139.327534 36.405277)
1012510051,ＳＵＢＡＲＵ健康保険組合太田記念病院,群馬県太田市大島町４５５－１,10205,地域,POINT (139.360687 36.2993581)
1015010042,群馬県立小児医療センター,群馬県渋川市北橘町下箱田７７９,10208,総合,POINT (139.0468012 36.4594541)
1017010016,群馬大学医学部附属病院,群馬県前橋市昭和町３－３９－１５,10201,地域,POINT (139.0635127 36.4072126)
1017010024,独立行政法人国立病院機構高崎総合医療センター,群馬県高崎市高松町３６,10202,地域,POINT (139.0022333 36.3216427)
1110201350,社会福祉法人恩賜財団済生会支部埼玉県済生会川口総合病院,埼玉県川口市西川口５－１１－５,11203,地域,POINT (139.7027902 35.8094954)
1110203091,埼玉協同病院,埼玉県川口市木曽呂１３１７,11203,その他,POINT (139.7158337 35.8600409)
1110205229,川口市立医療センター,埼玉県川口市大字西新井宿１８０,11203,地域,POINT (139.7305664 35.8438364)
1110304048,自治医科大学附属さいたま医療センター,埼玉県さいたま市大宮区天沼町１－８４７,11103,地域,POINT (139.6456012 35.9071317)
1110401893,社会医療法人社団尚篤会赤心堂病院,埼玉県川越市脇田本町２５－１９,11201,その他,POINT (139.4805924 35.9094859)
1110402594,埼玉医科大学総合医療センター,埼玉県川越市鴨田１９８１番地,11201,総合,POINT (139.5195958 35.9345947)
1110603332,春日部市立医療センター,埼玉県春日部市中央六丁目七番地１,11214,地域,POINT (139.7514961 35.9744144)
1110700054,医療法人慈正会丸山記念総合病院,埼玉県さいたま市岩槻区本町２－１０－５,11110,その他,POINT (139.6957252 35.9457101)
1110801563,学校法人獨協学園獨協医科大学埼玉医療センター,埼玉県越谷市南越谷２－１－５０,11222,地域,POINT (139.7898501 35.8786458)
1111600394,医療法人社団愛友会上尾中央総合病院,埼玉県上尾市柏座１－１０－１０,11219,その他,POINT (139.5858509 35.9743762)
1111802271,草加市立病院,埼玉県草加市草加二丁目２１番１号,11221,その他,POINT (139.7962555 35.8353528)
1112401966,埼玉医科大学病院,埼玉県入間郡毛呂山町毛呂本郷３８番地,11326,地域,POINT (139.3064025 35.9389125)
1113901055,医療法人徳洲会羽生総合病院,埼玉県羽生市大字下岩瀬４４６番地,11216,その他,POINT (139.5280407 36.1606167)
1114600656,深谷赤十字病院,埼玉県深谷市上柴町西５－８－１,11218,地域,POINT (139.294764 36.1832343)
1115300926,学校法人北里研究所北里大学メディカルセンター,埼玉県北本市荒井６丁目１００番地,11233,その他,POINT (139.5141479 36.0108273)
1116300297,埼玉医科大学国際医療センター,埼玉県日高市山根１３９７番地１,11242,その他,POINT (139.3239597 35.9213817)
1116500128,さいたま市立病院,埼玉県さいたま市緑区大字三室２４６０番地,11109,地域,POINT (139.6777642 35.8911276)
1116510416,埼玉県立小児医療センター,埼玉県さいたま市中央区新都心１番地２,11105,総合,POINT (139.6319903 35.8912241)
1119900028,独立行政法人国立病院機構埼玉病院,埼玉県和光市諏訪２－１,11229,地域,POINT (139.6186205 35.7759879)
1119900051,独立行政法人国立病院機構西埼玉中央病院,埼玉県所沢市若狭２－１６７１,11208,地域,POINT (139.42472 35.803338)
1210112524,千葉市立海浜病院,千葉県千葉市美浜区磯辺３－３１－１,12106,地域,POINT (140.0514182 35.6278038)
1210113191,千葉県こども病院,千葉県千葉市緑区辺田町５７９－１,12105,地域,POINT (140.1908296 35.5579976)
1210118687,千葉市立青葉病院,千葉県千葉市中央区青葉町１２７３－２,12101,その他,POINT (140.1385477 35.6013271)
1210123091,医療法人社団誠馨会千葉メディカルセンター,千葉県千葉市中央区南町１－７－１,12101,その他,POINT (140.131093 35.5847569)
1210210351,医療法人社団保健会谷津保健病院,千葉県習志野市谷津４‐６‐１６,12216,その他,POINT (140.0068584 35.684542)
1210411736,東京女子医科大学附属八千代医療センター,千葉県八千代市大和田新田４７７－９６,12221,総合,POINT (140.0968203 35.7304654)
1210610147,独立行政法人労働者健康安全機構千葉労災病院,千葉県市原市辰巳台東２‐１６,12219,その他,POINT (140.1586457 35.5214542)
1210610634,帝京大学ちば総合医療センター,千葉県市原市姉崎３４２６‐３,12219,その他,POINT (140.063154 35.4661635)
1211010149,国保直営総合病院君津中央病院,千葉県木更津市桜井１０１０,12206,地域,POINT (139.9241246 35.3602108)
1211310119,医療法人積仁会島田総合病院　,千葉県銚子市東町５－３,12202,その他,POINT (140.8417304 35.7319203)
1211411255,総合病院国保旭中央病院,千葉県旭市イの１３２６,12215,地域,POINT (140.6640209 35.7177437)
1211910363,学校法人順天堂順天堂大学医学部附属浦安病院,千葉県浦安市富岡２‐１‐１,12227,地域,POINT (139.9071414 35.6459495)
1212011658,医療法人徳洲会野田総合病院,千葉県野田市横内２９－１,12208,その他,POINT (139.8793755 35.9521093)
1212110914,東京慈恵会医科大学附属柏病院　,千葉県柏市柏下１６３－１,12217,その他,POINT (139.9829581 35.8698107)
1212412484,医療法人徳洲会千葉西総合病院,千葉県松戸市金ケ作１０７－１,12207,その他,POINT (139.9451248 35.8033974)
1212416527,松戸市立総合医療センター,千葉県松戸市千駄堀９９３－１,12207,地域,POINT (139.9328228 35.8029852)
1212712404,東京歯科大学市川総合病院,千葉県市川市菅野５‐１１‐１３,12203,その他,POINT (139.9224607 35.7333575)
1212810018,独立行政法人地域医療機能推進機構船橋中央病院,千葉県船橋市海神６－１３－１０,12204,地域,POINT (139.9700005 35.7058901)
1212810943,社会医療法人社団千葉県勤労者医療協会船橋二和病院,千葉県船橋市二和東５‐１‐１,12204,その他,POINT (140.0203215 35.7513716)
1212811214,船橋市立医療センター,千葉県船橋市金杉１‐２１‐１,12204,その他,POINT (139.9984785 35.7236845)
1213910221,医療法人鉄蕉会亀田総合病院,千葉県鴨川市東町９２９,12223,総合,POINT (140.1265691 35.1204927)
1214111134,日本医科大学千葉北総病院,千葉県印西市鎌苅１７１５,12231,その他,POINT (140.198403 35.7814575)
1214210639,東邦大学医療センター佐倉病院,千葉県佐倉市下志津５６４－１,12212,地域,POINT (140.1681094 35.7171554)
1214310041,日本赤十字社成田赤十字病院,千葉県成田市飯田町９０－１,12211,地域,POINT (140.3038051 35.7649674)
1219110016,独立行政法人国立病院機構千葉医療センター,千葉県千葉市中央区椿森４－１－２,12101,その他,POINT (140.1215751 35.6232072)
1219210014,千葉大学医学部附属病院,千葉県千葉市中央区亥鼻１－８－１,12101,総合,POINT (140.1359991 35.6042944)
1310270751,聖路加国際病院,東京都中央区明石町９番１号,13102,地域,POINT (139.7767072 35.6674403)
1310310243,東京慈恵会医科大学附属病院,東京都港区西新橋三丁目１９番１８号,13103,総合,POINT (139.7499189 35.662837)
1310314757,東京都済生会中央病院,東京都港区三田一丁目４番１７号,13103,その他,POINT (139.7440859 35.6539523)
1310370783,社会福祉法人恩賜財団母子愛育会総合母子保健センター愛育病院,東京都港区芝浦一丁目１６番１０号,13103,総合,POINT (139.7524253 35.6459651)
1310415018,東京医科大学病院,東京都新宿区西新宿六丁目７番１号,13104,地域,POINT (139.6925124 35.6937646)
1310415042,東京女子医科大学病院,東京都新宿区河田町８番１号,13104,総合,POINT (139.7203396 35.6979038)
1310415067,慶應義塾大学病院,東京都新宿区信濃町３５番地,13104,地域,POINT (139.7181283 35.6814273)
1310470070,独立行政法人地域医療機能推進機構東京山手メディカルセンター,東京都新宿区百人町三丁目２２番１号,13104,その他,POINT (139.6990266 35.7047541)
1310510347,日本医科大学付属病院,東京都文京区千駄木一丁目１番５号,13105,その他,POINT (139.7590709 35.7212322)
1310514836,順天堂大学医学部附属順天堂医院,東京都文京区本郷三丁目１番３号,13105,地域,POINT (139.7626339 35.7024159)
1310710772,社会福祉法人賛育会賛育会病院,東京都墨田区太平三丁目２０番２号,13107,地域,POINT (139.8143273 35.7022648)
1310770792,地方独立行政法人東京都立病院機構東京都立墨東病院,東京都墨田区江東橋４－２３－１５,13107,総合,POINT (139.818798 35.6946101)
1310870980,昭和医科大学江東豊洲病院,東京都江東区豊洲五丁目１番３８号,13108,地域,POINT (139.796291 35.6503893)
1310915413,昭和医科大学病院,東京都品川区旗の台一丁目５番８号,13109,総合,POINT (139.7035454 35.6083232)
1310970590,社会医療法人社団東京巨樹の会東京品川病院,東京都品川区東大井六丁目３番２２号,13109,その他,POINT (139.7348766 35.6017224)
1311070044,総合病院厚生中央病院,東京都目黒区三田一丁目１１番７号,13110,その他,POINT (139.712598 35.641488)
1311113356,東邦大学医療センター大森病院,東京都大田区大森西六丁目１１番１号,13111,総合,POINT (139.7239993 35.5690615)
1311215292,公益財団法人日産厚生会玉川病院,東京都世田谷区瀬田四丁目８番１号,13112,その他,POINT (139.6242097 35.6207757)
1311216886,社会福祉法人康和会久我山病院,東京都世田谷区北烏山二丁目１４番２０号,13112,その他,POINT (139.5987574 35.6813254)
1311315233,日本赤十字社医療センター,東京都渋谷区広尾四丁目１番２２号,13113,総合,POINT (139.717874 35.654537)
1311514967,医療法人財団荻窪病院,東京都杉並区今川三丁目１番２４号,13115,その他,POINT (139.6075703 35.7152077)
1311671023,地方独立行政法人東京都立病院機構東京都立大塚病院,東京都豊島区南大塚二丁目８番１号,13116,総合,POINT (139.731863 35.7252408)
1311770734,公益社団法人地域医療振興協会東京北医療センター,東京都北区赤羽台四丁目１７番５６号,13117,その他,POINT (139.711406 35.783966)
1311911502,日本大学医学部附属板橋病院,東京都板橋区大谷口上町３０番１号,13119,総合,POINT (139.6911582 35.7491772)
1311919588,帝京大学医学部附属病院,東京都板橋区加賀二丁目１１番１号,13119,総合,POINT (139.7141346 35.7590135)
1312070928,学校法人順天堂順天堂大学医学部附属練馬病院,東京都練馬区高野台三丁目１番１０号,13120,地域,POINT (139.6149691 35.7424595)
1312070936,公益財団法人東京都医療保健協会練馬総合病院,東京都練馬区旭丘一丁目２４番１号,13120,その他,POINT (139.6771424 35.7335678)
1312171577,東京女子医科大学附属足立医療センター,東京都足立区江北四丁目３３番１号,13121,地域,POINT (139.7666194 35.7738242)
1312212389,東京慈恵会医科大学葛飾医療センター,東京都葛飾区青戸六丁目４１番２号,13122,その他,POINT (139.8586579 35.7518377)
1312271120,東京かつしか赤十字母子医療センター,東京都葛飾区新宿三丁目７番１号,13122,地域,POINT (139.8624702 35.7614347)
1312370989,日本私立学校振興・共済事業団東京臨海病院,東京都江戸川区臨海町一丁目４番２号,13123,その他,POINT (139.8541135 35.6525809)
1312815744,市立青梅総合医療センター,東京都青梅市東青梅四丁目１６番地５,13205,その他,POINT (139.2811529 35.7825725)
1312970051,東京医科大学八王子医療センター,東京都八王子市館町１１６３番地,13201,その他,POINT (139.2890268 35.631938)
1312971083,東海大学医学部付属八王子病院,東京都八王子市石川町１８３８番地,13201,その他,POINT (139.3568879 35.6735504)
1313015716,国家公務員共済組合連合会立川病院,東京都立川市錦町四丁目２番２２号,13202,地域,POINT (139.421475 35.6931299)
1313214160,町田市民病院,東京都町田市旭町二丁目１５番４１号,13209,地域,POINT (139.4385875 35.5567926)
1313315728,武蔵野赤十字病院,東京都武蔵野市境南町一丁目２６番１号,13203,地域,POINT (139.5477847 35.6968442)
1313619285,杏林大学医学部付属病院,東京都三鷹市新川六丁目２０番２号,13204,総合,POINT (139.5666474 35.6777358)
1313870086,公益財団法人榊原記念財団附属榊原記念病院,東京都府中市朝日町三丁目１６番地１,13206,その他,POINT (139.5199932 35.6662463)
1313870151,地方独立行政法人東京都立病院機構東京都立小児総合医療センター,東京都府中市武蔵台二丁目８番地の２９,13206,総合,POINT (139.4606953 35.6922899)
1313870169,地方独立行政法人東京都立病院機構東京都立多摩総合医療センター,東京都府中市武蔵台二丁目８番地の２９,13206,その他,POINT (139.4618755 35.6918907)
1313970019,医療法人社団時正会佐々総合病院,東京都西東京市田無町四丁目２４番１５号,13229,その他,POINT (139.5386644 35.7295166)
1314314407,公立昭和病院,東京都小平市花小金井八丁目１番１号,13211,地域,POINT (139.5033371 35.7312975)
1314514188,東京慈恵会医科大学附属第三病院,東京都狛江市和泉本町四丁目１１番１号,13219,その他,POINT (139.5663824 35.6445237)
1314970042,社会医療法人財団大和会武蔵村山病院,東京都武蔵村山市榎一丁目１番地５,13223,その他,POINT (139.3877348 35.7438208)
1315070016,日本医科大学多摩永山病院,東京都多摩市永山一丁目７番地１,13224,その他,POINT (139.446648 35.6311849)
1315114483,稲城市立病院,東京都稲城市大丸１１７１番地,13225,その他,POINT (139.4856584 35.6468827)
1315970017,社会医療法人河北医療財団河北総合病院,東京都杉並区阿佐谷北一丁目６番１号,13115,その他,POINT (139.6378567 35.7061057)
1318615072,国立健康危機管理研究機構国立国際医療センター,東京都新宿区戸山一丁目２１番１号,13104,地域,POINT (139.716339 35.7016562)
1318615288,独立行政法人国立病院機構東京医療センター,東京都目黒区東が丘二丁目５番１号,13110,その他,POINT (139.6666897 35.6262131)
1318615312,国立研究開発法人国立成育医療研究センター,東京都世田谷区大蔵二丁目１０番１号,13112,総合,POINT (139.6116259 35.6332956)
1318814774,東京科学大学病院,東京都文京区湯島一丁目５番４５号,13105,地域,POINT (139.7643266 35.7017138)
1318814790,東京大学医学部附属病院,東京都文京区本郷七丁目３番１号,13105,総合,POINT (139.7655924 35.7117352)
1410105122,社会福祉法人恩賜財団済生会支部神奈川県済生会横浜市東部病院,神奈川県横浜市鶴見区下末吉３－６－１,14101,地域,POINT (139.6750681 35.5238904)
1410504449,公立大学法人横浜市立大学附属市民総合医療センター,神奈川県横浜市南区浦舟町４－５７,14105,総合,POINT (139.6243832 35.4340281)
1410504746,神奈川県立こども医療センター,神奈川県横浜市南区六ツ川２－１３８－４,14105,総合,POINT (139.5793649 35.4214767)
1410800052,国家公務員共済組合連合会横浜南共済病院,神奈川県横浜市金沢区六浦東１－２１－１,14108,その他,POINT (139.6222835 35.3206435)
1410803304,公立大学法人横浜市立大学附属病院,神奈川県横浜市金沢区福浦３－９,14108,地域,POINT (139.6506282 35.3444846)
1410904227,独立行政法人労働者健康安全機構横浜労災病院,神奈川県横浜市港北区小机町３２１１,14109,地域,POINT (139.6108691 35.5108655)
1411900091,国家公務員共済組合連合会横須賀共済病院,神奈川県横須賀市米が浜通１－１６,14201,地域,POINT (139.6738871 35.2770428)
1411911353,横須賀市立総合医療センター,神奈川県横須賀市神明町１番地８,14201,地域,POINT (139.7025503 35.2255768)
1412104669,医療法人徳洲会湘南鎌倉総合病院,神奈川県鎌倉市岡本１３７０－１,14204,その他,POINT (139.5152085 35.345823)
1412202778,藤沢市民病院,神奈川県藤沢市藤沢２－６－１,14205,地域,POINT (139.4822456 35.3507902)
1412208536,医療法人徳洲会湘南藤沢徳洲会病院,神奈川県藤沢市辻堂神台１－５－１,14205,その他,POINT (139.444934 35.341119)
1412300812,小田原市立病院,神奈川県小田原市久野４６,14206,地域,POINT (139.1516629 35.2678137)
1412400034,茅ヶ崎市立病院,神奈川県茅ヶ崎市本村５－１５－１,14207,地域,POINT (139.4152016 35.3399816)
1412402501,湘南東部総合病院,神奈川県茅ヶ崎市西久保５００,14207,その他,POINT (139.3921702 35.3474209)
1412600385,医療法人社団相和会渕野辺総合病院,神奈川県相模原市中央区淵野辺３－２－８,14152,その他,POINT (139.3917363 35.5715241)
1412600757,独立行政法人地域医療機能推進機構相模野病院,神奈川県相模原市中央区淵野辺１－２－３０,14152,地域,POINT (139.3885253 35.5731021)
1412602126,北里大学病院,神奈川県相模原市南区北里１－１５－１,14153,総合,POINT (139.3930011 35.5380249)
1412611408,神奈川県厚生農業協同組合連合会相模原協同病院,神奈川県相模原市緑区橋本台４－３－１,14151,その他,POINT (139.3243382 35.589134)
1413103439,社会福祉法人恩賜財団済生会支部神奈川県済生会横浜市南部病院,神奈川県横浜市港南区港南台３－２－１０,14111,地域,POINT (139.5790415 35.3754012)
1413202702,聖マリアンナ医科大学横浜市西部病院,神奈川県横浜市旭区矢指町１１９７－１,14112,地域,POINT (139.5025988 35.4769192)
1413500022,国家公務員共済組合連合会横浜栄共済病院,神奈川県横浜市栄区桂町１３２,14115,その他,POINT (139.5506302 35.3629364)
1413600533,社会福祉法人親善福祉協会国際親善総合病院,神奈川県横浜市泉区西が岡１－２８－１,14116,その他,POINT (139.5099983 35.42546)
1413700549,昭和医科大学藤が丘病院,神奈川県横浜市青葉区藤が丘１－３０,14117,その他,POINT (139.5292566 35.5446032)
1413801255,昭和医科大学横浜市北部病院,神奈川県横浜市都筑区茅ケ崎中央３５－１,14118,地域,POINT (139.570149 35.5467479)
1414000204,神奈川県厚生農業協同組合連合会伊勢原協同病院,神奈川県伊勢原市田中３４５,14214,その他,POINT (139.3164614 35.403401)
1414000279,東海大学医学部付属病院,神奈川県伊勢原市下糟屋１４３,14214,総合,POINT (139.3154685 35.4067609)
1414200499,社会医療法人ジャパンメディカルアライアンス海老名総合病院,神奈川県海老名市中央四丁目１６番１号,14215,その他,POINT (139.3857996 35.4474035)
1415000054,川崎市立川崎病院,神奈川県川崎市川崎区新川通１２－１,14131,地域,POINT (139.7060219 35.5267127)
1415101126,社会医療法人財団石心会川崎幸病院,神奈川県川崎市幸区大宮町３１－２７,14132,その他,POINT (139.69231 35.528515)
1415211107,日本医科大学武蔵小杉病院,神奈川県川崎市中原区小杉町１－３８３,14133,地域,POINT (139.6580974 35.5805558)
1415310271,帝京大学医学部附属溝口病院,神奈川県川崎市高津区二子５－１－１,14134,その他,POINT (139.6162174 35.6023862)
1415402565,川崎市立多摩病院,神奈川県川崎市多摩区宿河原１－３０－３７,14135,その他,POINT (139.5724436 35.6198578)
1415500293,聖マリアンナ医科大学病院,神奈川県川崎市宮前区菅生２－１６－１,14136,総合,POINT (139.5497296 35.6002714)
1419805821,横浜市立みなと赤十字病院,神奈川県横浜市中区新山下３－１２－１,14104,地域,POINT (139.6636713 35.4363698)
1419811373,横浜市立市民病院,神奈川県横浜市神奈川区三ツ沢西町１－１,14102,地域,POINT (139.6048159 35.4688213)
1419900028,独立行政法人国立病院機構横浜医療センター,神奈川県横浜市戸塚区原宿３－６０－２,14110,地域,POINT (139.5046871 35.3811296)
1419910043,独立行政法人国立病院機構相模原病院,神奈川県相模原市南区桜台１８－１,14153,その他,POINT (139.410716 35.520731)
1510120734,社会福祉法人恩賜財団済生会新潟病院,新潟県新潟市西区寺地２８０－７,15107,地域,POINT (139.0049413 37.8790777)
1510124652,新潟市民病院,新潟県新潟市中央区鐘木４６３番地７,15103,総合,POINT (139.0412235 37.8757148)
1510125642,新潟医療生活協同組合木戸病院,新潟県新潟市東区竹尾４丁目１３番３号,15102,その他,POINT (139.0991992 37.9153928)
1510212721,長岡赤十字病院,新潟県長岡市千秋２丁目２９７番地１,15202,総合,POINT (138.8292969 37.4601428)
1510213489,新潟県厚生農業協同組合連合会長岡中央綜合病院,新潟県長岡市川崎町２０４１番地,15202,地域,POINT (138.8784913 37.4509888)
1510214263,立川綜合病院,新潟県長岡市旭岡１丁目２４番地,15202,その他,POINT (138.8577911 37.4228625)
1510311804,新潟県立中央病院,新潟県上越市新南町２０５番地,15222,地域,POINT (138.2705791 37.1064886)
1510410739,済生会三条病院,新潟県三条市大野畑６番１８号,15204,その他,POINT (138.9399801 37.6271254)
1510511205,新潟県厚生農業協同組合連合会柏崎総合医療センター　,新潟県柏崎市北半田２丁目１１番３号,15205,その他,POINT (138.5778781 37.3623922)
1510612003,新潟県立新発田病院,新潟県新発田市本町１丁目２番８号,15206,地域,POINT (139.3338084 37.9467517)
1511010181,新潟県立十日町病院,新潟県十日町市高田町三丁目南３２番地９,15210,その他,POINT (138.7520001 37.1304933)
1512410463,新潟県地域医療推進機構魚沼基幹病院,新潟県南魚沼市浦佐４１３２番地,15226,地域,POINT (138.9360248 37.1712539)
1518910011,新潟大学医歯学総合病院,新潟県新潟市中央区旭町通一番町７５４番地,15103,総合,POINT (139.0354263 37.9193741)
1610110023,富山県立中央病院,富山県富山市西長江２丁目２番７８号,16201,総合,POINT (137.2374892 36.692521)
1610113647,富山市立富山市民病院,富山県富山市今泉北部町２番地１,16201,地域,POINT (137.2124842 36.6726695)
1610210377,富山県厚生農業協同組合連合会高岡病院,富山県高岡市永楽町５番１０号,16202,地域,POINT (136.9956197 36.7433594)
1610210914,高岡市民病院,富山県高岡市宝町４番１号,16202,その他,POINT (137.028624 36.7560993)
1610212605,富山県済生会高岡病院,富山県高岡市二塚３８７－１,16202,その他,POINT (137.015365 36.72117)
1610710012,黒部市民病院,富山県黒部市三日市１１０８番地１,16207,地域,POINT (137.4411183 36.870994)
1610810010,市立砺波総合病院,富山県砺波市新富町１番６１号,16208,地域,POINT (136.950864 36.6403005)
1611610211,かみいち総合病院,富山県中新川郡上市町法音寺５１,16322,その他,POINT (137.3612359 36.702958)
1618010035,国立大学法人富山大学附属病院,富山県富山市杉谷２６３０,16201,地域,POINT (137.1404994 36.6797981)
1710113786,石川県立中央病院,石川県金沢市鞍月東２丁目１番地,17201,総合,POINT (136.6295832 36.5962686)
1710118231,医療法人社団浅ノ川浅ノ川総合病院,石川県金沢市小坂町中８３番地,17201,その他,POINT (136.6778059 36.5932585)
1710210319,社会医療法人財団董仙会恵寿総合病院,石川県七尾市富岡町９４,17202,その他,POINT (136.9620905 37.0515436)
1710311364,国民健康保険小松市民病院,石川県小松市向本折町ホ６０番地,17203,その他,POINT (136.4395489 36.3986389)
1710611425,加賀市医療センター,石川県加賀市作見町リ３６番地,17206,その他,POINT (136.3520839 36.3172452)
1711410363,金沢医科大学病院,石川県河北郡内灘町大学１丁目１番地,17365,地域,POINT (136.6464904 36.6577157)
1712210127,公立松任石川中央病院,石川県白山市倉光三丁目８番地,17210,その他,POINT (136.5658499 36.5107587)
1718010018,独立行政法人国立病院機構金沢医療センター,石川県金沢市下石引町１番１号,17201,地域,POINT (136.6655566 36.5604465)
1718010091,国立大学法人金沢大学附属病院,石川県金沢市宝町１３番１号,17201,地域,POINT (136.6730611 36.5572189)
1810117059,福井県立病院,福井県福井市四ツ井２－８－１,18201,総合,POINT (136.2382742 36.0689537)
1810117117,福井赤十字病院,福井県福井市月見２－４－１,18201,地域,POINT (136.2134064 36.0475414)
1810117539,福井循環器病院,福井県福井市新保２丁目２２８,18201,その他,POINT (136.250119 36.078075)
1810118909,福井県済生会病院,福井県福井市和田中町舟橋７－１,18201,地域,POINT (136.2527535 36.0469536)
1810120418,医療法人福井愛育病院,福井県福井市新保２丁目３０１,18201,地域,POINT (136.251141 36.078322)
1810214070,市立敦賀病院,福井県敦賀市三島町１－６－６０,18202,地域,POINT (136.064234 35.652424)
1810414068,杉田玄白記念公立小浜病院,福井県小浜市大手町２－２,18204,地域,POINT (135.7458507 35.4944264)
1810714582,公立丹南病院,福井県鯖江市三六町１－２－３１,18207,その他,POINT (136.1779724 35.9699298)
1818010058,福井大学医学部附属病院,福井県吉田郡永平寺町松岡下合月２３－３,18322,総合,POINT (136.2937049 36.1084643)
1910112398,山梨県立中央病院,山梨県甲府市富士見一丁目１－１,19201,総合,POINT (138.5502419 35.6709483)
1910114451,市立甲府病院,山梨県甲府市増坪町３６６,19201,地域,POINT (138.5909737 35.6343941)
1911210886,国民健康保険富士吉田市立病院,山梨県富士吉田市上吉田東七丁目１１番１号,19202,地域,POINT (138.8061887 35.4649113)
1911310553,山梨赤十字病院,山梨県南都留郡富士河口湖町船津６６６３－１,19430,地域,POINT (138.7672413 35.4858049)
1912110028,独立行政法人国立病院機構甲府病院,山梨県甲府市天神町１１－３５,19201,地域,POINT (138.567479 35.677208)
1912110952,山梨大学医学部附属病院,山梨県中央市下河東１１１０,19214,地域,POINT (138.5386189 35.6099858)
2010117063,長野赤十字病院,長野県長野市若里五丁目２２番１号,20201,地域,POINT (138.1905369 36.6272944)
2010117345,長野県厚生農業協同組合連合会南長野医療センター篠ノ井総合病院,長野県長野市篠ノ井会６６６－１,20201,地域,POINT (138.1495958 36.5744868)
2010217236,社会医療法人抱生会丸の内病院,長野県松本市渚１丁目７番４５号,20202,その他,POINT (137.9552374 36.2358213)
2010217244,社会医療法人財団慈泉会相澤病院,長野県松本市本庄２丁目５番１号,20202,その他,POINT (137.9736325 36.226706)
2010218275,松本市立病院,長野県松本市波田４４１７番地１８０,20202,その他,POINT (137.854812 36.1989)
2010517023,飯田市立病院,長野県飯田市八幡町４３８,20205,地域,POINT (137.8360962 35.4993124)
2010617039,諏訪赤十字病院,長野県諏訪市湖岸通り５丁目１１ー５０,20206,地域,POINT (138.1067823 36.0429193)
2010716013,長野県立信州医療センター,長野県須坂市大字須坂１３３２,20207,その他,POINT (138.3103112 36.6542022)
2010817084,長野県厚生農業協同組合連合会浅間南麓こもろ医療センター,長野県小諸市相生町三丁目３番２１号,20208,その他,POINT (138.4259492 36.3268116)
2010917363,伊那中央病院,長野県伊那市小四郎久保１３１３番地１,20209,地域,POINT (137.9550091 35.8558486)
2011117047,長野県厚生農業協同組合連合会北信総合病院,長野県中野市西一丁目５番６３号,20211,地域,POINT (138.3658639 36.746722)
2011217029,市立大町総合病院,長野県大町市大町３１３０,20212,その他,POINT (137.8574731 36.5010999)
2011417017,組合立諏訪中央病院,長野県茅野市玉川４３００番地,20214,その他,POINT (138.1769425 35.9909834)
2011717341,佐久市立国保浅間総合病院,長野県佐久市岩村田１８６２－１,20217,その他,POINT (138.468856 36.270099)
2011717523,長野県厚生農業協同組合連合会佐久総合病院佐久医療センター,長野県佐久市中込３４００番地２８,20217,地域,POINT (138.4720767 36.2518249)
2012616054,長野県立木曽病院,長野県木曽郡木曽町福島６６１３－４,20432,その他,POINT (137.6838866 35.8355507)
2014017046,長野県立こども病院,長野県安曇野市豊科３１００,20220,総合,POINT (137.9207616 36.2842861)
2014017152,医療法人仁雄会穂高病院,長野県安曇野市穂高４６３４,20220,その他,POINT (137.8879128 36.3414006)
2018010013,国立大学法人信州大学医学部附属病院,長野県松本市旭３－１－１,20202,地域,POINT (137.9789113 36.2492045)
2018010062,独立行政法人国立病院機構信州上田医療センター,長野県上田市緑が丘１丁目２７番２１号,20203,地域,POINT (138.2514669 36.4130166)
2110107790,岐阜市民病院,岐阜県岐阜市鹿島町７－１,21201,その他,POINT (136.7346085 35.4141448)
2110111438,岐阜県総合医療センター,岐阜県岐阜市野一色４－６－１,21201,総合,POINT (136.7988606 35.41054)
2111101560,岐阜県立多治見病院,岐阜県多治見市前畑町５－１６１,21204,地域,POINT (137.1114907 35.3284395)
2111500589,総合病院中津川市民病院,岐阜県中津川市駒場１５２２－１,21206,その他,POINT (137.479683 35.489555)
2111700775,市立恵那病院,岐阜県恵那市大井町２７２５,21210,その他,POINT (137.3961313 35.464318)
2112100827,大垣市民病院,岐阜県大垣市南頬町４－８６,21202,地域,POINT (136.6220781 35.3527319)
2112700485,高山赤十字病院,岐阜県高山市天満町３－１１,21203,地域,POINT (137.25454 36.137163)
2119806442,岐阜大学医学部附属病院,岐阜県岐阜市柳戸１－１,21201,地域,POINT (136.7333646 35.4682979)
2119900062,独立行政法人国立病院機構長良医療センター,岐阜県岐阜市長良１３００－７,21201,その他,POINT (136.7879905 35.4519966)
2210310146,順天堂大学医学部附属静岡病院,静岡県伊豆の国市長岡１１２９番地,22225,総合,POINT (138.9356385 35.0296979)
2211110057,一般財団法人芙蓉協会聖隷沼津病院,静岡県沼津市本字松下七反田９０２－６,22203,その他,POINT (138.8505149 35.094518)
2211160011,沼津市立病院,静岡県沼津市東椎路字春ノ木５５０,22203,地域,POINT (138.8352077 35.1197689)
2212110098,富士宮市立病院,静岡県富士宮市錦町３番１号,22207,その他,POINT (138.6152885 35.2198613)
2212310094,富士市立中央病院,静岡県富士市高島町５０番地,22210,地域,POINT (138.670807 35.158321)
2214160042,静岡済生会総合病院,静岡県静岡市駿河区小鹿一丁目１番１号,22102,地域,POINT (138.4135675 34.9755611)
2214160075,静岡赤十字病院,静岡県静岡市葵区追手町８番２号,22101,その他,POINT (138.380726 34.9765388)
2214210029,静岡市立清水病院,静岡県静岡市清水区宮加三１２３１番地,22103,その他,POINT (138.4902047 34.9829921)
2214210771,静岡県立総合病院,静岡県静岡市葵区北安東四丁目２７番１号,22101,その他,POINT (138.3862607 35.0031478)
2214210789,静岡県立こども病院,静岡県静岡市葵区漆山８６０番地,22101,総合,POINT (138.3968014 35.0194822)
2214211332,静岡市立静岡病院,静岡県静岡市葵区追手町１０－９３,22101,地域,POINT (138.3801865 34.9784301)
2215160058,焼津市立総合病院,静岡県焼津市道原１０００番地,22212,地域,POINT (138.306428 34.8375599)
2215310554,藤枝市立総合病院,静岡県藤枝市駿河台四丁目１番１１号,22214,地域,POINT (138.23003 34.8611583)
2215460078,島田市立総合医療センター,静岡県島田市野田１２００番地の５,22209,その他,POINT (138.1841788 34.8455813)
2216710067,磐田市立総合病院,静岡県磐田市大久保５１２－３,22211,地域,POINT (137.8569124 34.7686485)
2217110069,ＪＡ静岡厚生連遠州病院,静岡県浜松市中央区中央一丁目１番１号,22138,その他,POINT (137.7346396 34.712901)
2217110465,浜松医療センター,静岡県浜松市中央区富塚町３２８番地,22138,地域,POINT (137.7009487 34.7153899)
2217110861,社会福祉法人聖隷福祉事業団総合病院聖隷浜松病院,静岡県浜松市中央区住吉二丁目１２番１２号,22138,総合,POINT (137.7250735 34.7304852)
2217160205,社会福祉法人聖隷福祉事業団総合病院聖隷三方原病院,静岡県浜松市中央区三方原町３４５３,22138,地域,POINT (137.6905641 34.7922698)
2217410089,掛川市・袋井市病院企業団立中東遠総合医療センター,静岡県掛川市菖蒲ヶ池１－１,22213,その他,POINT (137.9980959 34.7567405)
2219610488,浜松医科大学医学部附属病院,静岡県浜松市中央区半田山一丁目２０番１号,22138,地域,POINT (137.7437546 34.7700718)
2310300054,社会医療法人愛生会総合上飯田第一病院,愛知県名古屋市北区上飯田北町２－７０,23103,その他,POINT (136.9312901 35.2051185)
2310303876,名古屋市立大学医学部附属西部医療センター,愛知県名古屋市北区平手町１－１－１,23103,地域,POINT (136.9013259 35.2021053)
2310500240,日本赤十字社愛知医療センター名古屋第一病院,愛知県名古屋市中村区道下町３－３５,23105,総合,POINT (136.8625293 35.1717621)
2310700287,社会福祉法人聖霊会聖霊病院,愛知県名古屋市昭和区川名山町５６,23107,その他,POINT (136.9554622 35.1447458)
2310700337,日本赤十字社愛知医療センター名古屋第二病院,愛知県名古屋市昭和区妙見町２－９,23107,総合,POINT (136.9658447 35.1449571)
2310802406,名古屋市立大学病院,愛知県名古屋市瑞穂区瑞穂町川澄１,23108,総合,POINT (136.9352144 35.1397135)
2311000893,藤田医科大学ばんたね病院,愛知県名古屋市中川区尾頭橋３－６－１０,23110,その他,POINT (136.890823 35.144526)
2311100321,独立行政法人労働者健康安全機構中部労災病院,愛知県名古屋市港区港明１－１０－６,23111,その他,POINT (136.889597 35.108781)
2311200055,独立行政法人地域医療機能推進機構中京病院,愛知県名古屋市南区三条１－１－１０,23112,その他,POINT (136.9019412 35.1098165)
2311201541,大同病院,愛知県名古屋市南区白水町９,23112,地域,POINT (136.907075 35.0748582)
2311402578,総合病院南生協病院,愛知県名古屋市緑区南大高２－２０４,23114,その他,POINT (136.9464752 35.0557606)
2311600767,名古屋記念病院,愛知県名古屋市天白区平針４－３０５,23116,その他,POINT (137.006511 35.1218319)
2312000066,豊橋市民病院,愛知県豊橋市青竹町八間西５０,23201,総合,POINT (137.348784 34.7606814)
2312100593,岡崎市民病院,愛知県岡崎市高隆寺町五所合３－１,23202,地域,POINT (137.2037693 34.9495318)
2312200369,一宮市立市民病院,愛知県一宮市文京２－２－２２,23203,地域,POINT (136.8056846 35.3127359)
2312203272,一宮西病院,愛知県一宮市開明平１,23203,その他,POINT (136.7779353 35.3135049)
2312300243,公立陶生病院,愛知県瀬戸市西追分町１６０,23204,地域,POINT (137.0823215 35.2256746)
2312402213,知多半島総合医療センター,愛知県半田市横山町１９２,23205,地域,POINT (136.8863446 34.9009737)
2312500198,春日井市民病院,愛知県春日井市鷹来町１－１－１,23206,その他,POINT (136.9691269 35.2715359)
2312800564,碧南市民病院,愛知県碧南市平和町３－６,23209,その他,POINT (137.0128074 34.9014755)
2312900026,医療法人豊田会刈谷豊田総合病院,愛知県刈谷市住吉町５－１５,23210,地域,POINT (137.0060834 34.9835089)
2313000057,愛知県厚生農業協同組合連合会豊田厚生病院,愛知県豊田市浄水町伊保原５００－１,23211,その他,POINT (137.1347032 35.1203166)
2313000230,トヨタ記念病院,愛知県豊田市平和町１－１,23211,地域,POINT (137.1755591 35.0567624)
2313100105,愛知県厚生農業協同組合連合会安城更生病院,愛知県安城市安城町東広畔２８,23212,総合,POINT (137.0776164 34.9401519)
2313100832,社会医療法人財団新和会八千代病院,愛知県安城市住吉町２－２－７,23212,その他,POINT (137.0790895 34.9868556)
2313600138,愛知県厚生農業協同組合連合会江南厚生病院,愛知県江南市高屋町大松原１３７,23217,地域,POINT (136.8779894 35.3550941)
2313800035,小牧市民病院,愛知県小牧市常普請１－２０,23219,地域,POINT (136.9158972 35.2874776)
2313901064,愛知県厚生農業協同組合連合会稲沢厚生病院,愛知県稲沢市祖父江町本甲拾町野７,23220,その他,POINT (136.732593 35.251959)
2314101359,公立西知多総合病院,愛知県東海市中ノ池３－１－１,23222,その他,POINT (136.8991198 34.9991411)
2314800166,藤田医科大学病院,愛知県豊明市沓掛町田楽ケ窪１－９８,23229,総合,POINT (137.0010459 35.0712144)
2315701322,愛知県厚生農業協同組合連合会知多厚生病院,愛知県知多郡美浜町河和西谷８１－６,23446,その他,POINT (136.9060387 34.7757439)
2317500011,愛知県厚生農業協同組合連合会海南病院,愛知県弥富市前ケ須町南本田３９６,23235,地域,POINT (136.7231245 35.1083752)
2317700017,愛知医科大学病院,愛知県長久手市岩作雁又１－１,23238,地域,POINT (137.0494666 35.1914691)
2319900110,名古屋大学医学部附属病院,愛知県名古屋市昭和区鶴舞町６５,23107,総合,POINT (136.9215522 35.158132)
2319900631,独立行政法人国立病院機構名古屋医療センター,愛知県名古屋市中区三の丸４－１－１,23106,その他,POINT (136.9062681 35.1830781)
2410205047,市立四日市病院,三重県四日市市芝田二丁目２番３７号,24202,総合,POINT (136.6078787 34.9720413)
2410215632,三重県立総合医療センター,三重県四日市市大字日永５４５０番地１３２,24202,地域,POINT (136.5895441 34.9431085)
2410705053,社会福祉法人恩賜財団済生会松阪総合病院,三重県松阪市朝日町１区１５－６,24204,その他,POINT (136.5370455 34.5797053)
2410805507,伊勢赤十字病院,三重県伊勢市船江一丁目４７１番２,24203,地域,POINT (136.7116288 34.5026289)
2414000022,国立大学法人三重大学医学部附属病院,三重県津市江戸橋２丁目１７４番地,24201,地域,POINT (136.5214951 34.7425763)
2414000030,独立行政法人国立病院機構三重中央医療センター,三重県津市久居明神町２１５８－５,24201,総合,POINT (136.4648617 34.6861631)
2510100155,大津赤十字病院,滋賀県大津市長等一丁目１番３５号,25201,総合,POINT (135.8596908 35.0070248)
2510202043,彦根市立病院,滋賀県彦根市八坂町１８８２番地,25202,その他,POINT (136.2252882 35.2620006)
2510300102,長浜赤十字病院,滋賀県長浜市宮前町１４番７号,25203,地域,POINT (136.2737373 35.3836347)
2510301373,市立長浜病院,滋賀県長浜市大戌亥町３１３番地,25203,その他,POINT (136.2872681 35.3689491)
2510401322,近江八幡市立総合医療センター,滋賀県近江八幡市土田町１３７９番地,25204,地域,POINT (136.0873353 35.1242787)
2510601970,社会医療法人誠光会淡海医療センター,滋賀県草津市矢橋町１６６０番地,25206,その他,POINT (135.9271533 35.0110001)
2511200194,社会福祉法人恩賜財団済生会滋賀県病院,滋賀県栗東市大橋二丁目４番１号,25208,その他,POINT (136.0017374 35.0340672)
2519900019,独立行政法人国立病院機構東近江総合医療センター,滋賀県東近江市五智町２５５番地,25213,その他,POINT (136.2296088 35.0951556)
2519902650,滋賀医科大学医学部附属病院,滋賀県大津市瀬田月輪町,25201,総合,POINT (135.9514271 34.9737852)
2610600294,日本バプテスト病院,京都府京都市左京区北白川山ノ元町４７,26103,地域,POINT (135.7960231 35.0333869)
2610707065,公益社団法人京都保健会京都民医連中央病院,京都府京都市右京区太秦土本町２番地１,26108,その他,POINT (135.7052241 35.0083893)
2610903367,医療法人医仁会武田総合病院,京都府京都市伏見区石田森南町２８－１,26109,その他,POINT (135.802438 34.938863)
2611203692,医療法人徳洲会宇治徳洲会病院,京都府宇治市槇島町石橋１４５番,26204,地域,POINT (135.7870889 34.9031836)
2611800950,綾部市立病院,京都府綾部市青野町大塚２０－１,26203,地域,POINT (135.2547275 35.307275)
2613200209,医療法人社団石鎚会京都田辺中央病院,京都府京田辺市田辺中央六丁目１番地６,26211,地域,POINT (135.7718082 34.8219716)
2614000095,社会福祉法人京都社会事業財団京都桂病院,京都府京都市西京区山田平尾町１７,26111,地域,POINT (135.6876757 34.9822186)
2614003180,医療法人社団志高会三菱京都病院,京都府京都市西京区桂御所町１番地,26111,地域,POINT (135.7016259 34.9879444)
2619600063,京都中部総合医療センター,京都府南丹市八木町八木上野２５,26213,地域,POINT (135.5301332 35.0712166)
2619600154,京都山城総合医療センター,京都府木津川市木津駅前１丁目２７番地,26214,地域,POINT (135.8239419 34.7357076)
2619600212,市立福知山市民病院,京都府福知山市厚中町２３１,26201,地域,POINT (135.112295 35.303634)
2619600303,京都府立医科大学附属病院,京都府京都市上京区河原町通広小路上る梶井町４６５,26102,総合,POINT (135.7696036 35.0237778)
2619600311,京都市立病院,京都府京都市中京区壬生東高田町１番地の２,26104,地域,POINT (135.735075 34.996921)
2619600337,京都府立医科大学附属北部医療センター,京都府与謝郡与謝野町字男山４８１番地,26465,地域,POINT (135.1656699 35.5696674)
2619700012,京都第二赤十字病院,京都府京都市上京区釜座通丸太町上ル春帯町３５５－５,26102,地域,POINT (135.7561359 35.0188166)
2619700038,京都第一赤十字病院,京都府京都市東山区本町十五丁目七四九,26105,総合,POINT (135.7729141 34.9811043)
2619700095,国家公務員共済組合連合会舞鶴共済病院,京都府舞鶴市字浜１０３５,26202,地域,POINT (135.391508 35.4693645)
2619700137,社会福祉法人恩賜財団京都府済生会京都済生会病院,京都府長岡京市下海印寺下内田１０１番地,26209,地域,POINT (135.6864688 34.9160755)
2619900018,独立行政法人国立病院機構京都医療センター,京都府京都市伏見区深草向畑町１－１,26109,地域,POINT (135.7743413 34.9536694)
2619900026,独立行政法人国立病院機構舞鶴医療センター,京都府舞鶴市字行永２４１０,26202,地域,POINT (135.4025653 35.4639371)
2619900042,国立大学法人京都大学医学部附属病院,京都府京都市左京区聖護院川原町５４番地,26103,総合,POINT (135.777181 35.020181)
2710300449,医療法人一祐会藤本病院,大阪府寝屋川市八坂町２番３号,27215,その他,POINT (135.6244717 34.7653563)
2710502879,地方独立行政法人大阪府立病院機構大阪母子医療センター,大阪府和泉市室堂町８４０番地,27219,総合,POINT (135.4736064 34.4715151)
2710503992,府中病院,大阪府和泉市肥子町１丁目１０番１７号,27219,その他,POINT (135.42209 34.4872201)
2710600624,泉大津市立周産期小児医療センター,大阪府泉大津市下条町１６番１号,27206,地域,POINT (135.414003 34.501596)
2710900503,大阪医科薬科大学病院,大阪府高槻市大学町２番７号,27207,地域,POINT (135.6244571 34.8516549)
2710903218,社会医療法人愛仁会高槻病院,大阪府高槻市古曽部町一丁目３番１３号,27207,総合,POINT (135.620627 34.8558584)
2711003422,社会医療法人愛仁会千船病院,大阪府大阪市西淀川区福町三丁目２番３９号,27113,地域,POINT (135.4435269 34.7004955)
2711609392,市立吹田市民病院,大阪府吹田市岸部新町５番７号,27205,その他,POINT (135.5382869 34.7767592)
2711700753,大阪赤十字病院,大阪府大阪市天王寺区筆ケ崎町５番３０号,27109,地域,POINT (135.5254942 34.6646583)
2711705703,社会医療法人大阪国際メディカル＆サイエンスセンター大阪警察病院,大阪府大阪市天王寺区烏ケ辻２－６－４０,27109,その他,POINT (135.5250489 34.6570771)
2712006622,地方独立行政法人大阪府立病院機構大阪急性期・総合医療センター,大阪府大阪市住吉区万代東三丁目１番５６号,27120,地域,POINT (135.5055288 34.6161652)
2712306360,大阪公立大学医学部附属病院,大阪府大阪市阿倍野区旭町一丁目５番７号,27119,地域,POINT (135.5088889 34.6468708)
2712406970,関西医科大学附属病院,大阪府枚方市新町二丁目３番１号,27210,総合,POINT (135.644823 34.817621)
2712603444,社会医療法人弘道会萱島生野病院,大阪府門真市上島町２２番１１号,27223,その他,POINT (135.6098372 34.7453441)
2713007421,宗教法人在日本南プレスビテリアンミッション淀川キリスト教病院,大阪府大阪市東淀川区柴島１丁目７番５０号,27114,地域,POINT (135.5117469 34.7296828)
2713200703,関西医科大学総合医療センター,大阪府守口市文園町１０番１５号,27209,その他,POINT (135.5562472 34.7286693)
2714107774,公益財団法人田附興風会医学研究所北野病院,大阪府大阪市北区扇町二丁目４番２０号,27127,地域,POINT (135.5068338 34.7052569)
2714205628,社会福祉法人恩賜財団大阪府済生会茨木病院,大阪府茨木市見付山二丁目１番４５号,27211,その他,POINT (135.5561639 34.8209907)
2714302631,社会福祉法人石井記念愛染園附属愛染橋病院,大阪府大阪市浪速区日本橋五丁目１６番１５号,27111,総合,POINT (135.5049661 34.657632)
2714406135,社会福祉法人恩賜財団大阪府済生会野江病院,大阪府大阪市城東区古市１丁目３番２５号,27118,その他,POINT (135.5551535 34.7067846)
2714502438,りんくう総合医療センター,大阪府泉佐野市りんくう往来北２番地の２３,27213,地域,POINT (135.3026225 34.4118982)
2714802226,阪南中央病院,大阪府松原市南新町三丁目３番２８号,27217,地域,POINT (135.536571 34.574264)
2714902034,医療法人宝生会ＰＬ病院,大阪府富田林市大字新堂２２０４番地,27214,その他,POINT (135.587297 34.5095256)
2714902497,社会福祉法人恩賜財団大阪府済生会富田林病院,大阪府富田林市向陽台１丁目３番３６号,27214,その他,POINT (135.5839863 34.5036368)
2715013617,地方独立行政法人市立東大阪医療センター,大阪府東大阪市西岩田三丁目４番５号,27227,地域,POINT (135.5971107 34.6660228)
2715204364,大阪市立総合医療センター,大阪府大阪市都島区都島本通２丁目１３－２２,27102,総合,POINT (135.5238468 34.7075334)
2716000613,耳原総合病院,大阪府堺市堺区協和町四丁４６５,27141,その他,POINT (135.4703476 34.5607436)
2716100314,ベルランド総合病院,大阪府堺市中区東山５００番地３,27142,地域,POINT (135.5080433 34.5179715)
2716300583,堺市立総合医療センター,大阪府堺市西区家原寺町１丁１番１号,27144,その他,POINT (135.4712786 34.5395297)
2719300119,近畿大学病院,大阪府大阪狭山市大野東３７７番地の２,27231,地域,POINT (135.5497646 34.4770628)
2719600021,独立行政法人地域医療機能推進機構大阪病院,大阪府大阪市福島区福島四丁目２番７８号,27103,その他,POINT (135.4834239 34.6918639)
2719600070,社会福祉法人恩賜財団済生会支部大阪府済生会中津病院,大阪府大阪市北区芝田二丁目１０番３９号,27127,その他,POINT (135.4952976 34.7083752)
2719600153,社会福祉法人恩賜財団大阪府済生会吹田病院,大阪府吹田市川園町１番２号,27205,地域,POINT (135.5348539 34.7620798)
2719801421,市立岸和田市民病院,大阪府岸和田市額原町１００１番地,27202,その他,POINT (135.396066 34.461329)
2719801470,市立池田病院,大阪府池田市城南三丁目１番１８号,27204,その他,POINT (135.4334043 34.8209824)
2719801504,市立豊中病院,大阪府豊中市柴原町四丁目１４番１号,27203,地域,POINT (135.4582003 34.8023901)
2719801686,八尾市立病院,大阪府八尾市龍華町一丁目３番１号,27212,地域,POINT (135.5867834 34.6208822)
2719900017,独立行政法人国立病院機構大阪医療センター,大阪府大阪市中央区法円坂二丁目１番１４号,27128,その他,POINT (135.5200123 34.6799888)
2719900025,独立行政法人国立病院機構大阪南医療センター,大阪府河内長野市木戸東町２番１号,27216,その他,POINT (135.5717327 34.472557)
2719900249,大阪大学医学部附属病院,大阪府吹田市山田丘２番１５号,27205,総合,POINT (135.5279983 34.8194248)
2719900256,国立研究開発法人国立循環器病研究センター,大阪府吹田市岸部新町６番１号,27205,地域,POINT (135.5408218 34.7793616)
2810101069,公益財団法人甲南会甲南医療センター,兵庫県神戸市東灘区鴨子ケ原１丁目５－１６,28101,その他,POINT (135.2514909 34.7291858)
2810900189,医療法人信和会明和病院,兵庫県西宮市上鳴尾町４－３１,28204,その他,POINT (135.3701034 34.7225615)
2810904579,兵庫医科大学病院,兵庫県西宮市武庫川町１－１,28204,総合,POINT (135.3791108 34.7186529)
2811200977,三田市民病院,兵庫県三田市けやき台３丁目１番地１,28219,その他,POINT (135.2010565 34.9076441)
2811301833,兵庫県立丹波医療センター,兵庫県丹波市氷上町石生２００２－７,28223,その他,POINT (135.0548188 35.1466846)
2811501358,兵庫県立淡路医療センター,兵庫県洲本市塩屋１丁目１番１３７号,28205,地域,POINT (134.8957392 34.3471052)
2812003487,あさぎり病院,兵庫県明石市朝霧台１１２０－２,28203,その他,POINT (135.0181057 34.6548944)
2812006431,社会医療法人愛仁会明石医療センター,兵庫県明石市大久保町八木７４３－３３,28203,地域,POINT (134.9376619 34.6746958)
2812204747,加古川中央市民病院,兵庫県加古川市加古川町本町４３９番地,28210,地域,POINT (134.8325118 34.7714277)
2813000193,独立行政法人労働者健康安全機構関西労災病院,兵庫県尼崎市稲葉荘３丁目１－６９,28202,その他,POINT (135.3856669 34.7358221)
2813026297,兵庫県立尼崎総合医療センター,兵庫県尼崎市東難波町２丁目１７番７７号,28202,総合,POINT (135.4133985 34.7300449)
2813103484,川西市立総合医療センター,兵庫県川西市火打１丁目４番１号,28217,その他,POINT (135.4166953 34.8342877)
2813300114,公立学校共済組合近畿中央病院,兵庫県伊丹市車塚３丁目１,28207,その他,POINT (135.401779 34.7632737)
2813302086,市立伊丹病院,兵庫県伊丹市昆陽池１丁目１００,28207,その他,POINT (135.3969197 34.7834332)
2814002776,姫路聖マリア病院,兵庫県姫路市仁豊野６５０,28201,その他,POINT (134.7320741 34.8776785)
2814009037,姫路赤十字病院,兵庫県姫路市下手野１丁目１２－１,28201,総合,POINT (134.6474326 34.8437973)
2814300618,医療法人伯鳳会赤穂中央病院,兵庫県赤穂市惣門町５２－６,28212,その他,POINT (134.3859067 34.7558688)
2814400939,公立豊岡病院組合立豊岡病院,兵庫県豊岡市戸牧１０９４番地,28209,地域,POINT (134.806311 35.526593)
2814800013,公立八鹿病院,兵庫県養父市八鹿町八鹿１８７８－１,28222,その他,POINT (134.7735841 35.4050376)
2815000589,神戸アドベンチスト病院,兵庫県神戸市北区有野台８丁目４－１,28109,その他,POINT (135.2247053 34.8086202)
2815001538,済生会兵庫県病院,兵庫県神戸市北区藤原台中町５丁目１－１,28109,地域,POINT (135.2151711 34.8233304)
2815107418,神戸市立医療センター中央市民病院,兵庫県神戸市中央区港島南町２丁目１番地１,28110,総合,POINT (135.2141912 34.6600502)
2815108218,兵庫県立こども病院,兵庫県神戸市中央区港島南町１丁目６番７号,28110,総合,POINT (135.2177807 34.6625283)
2815203506,神戸市立西神戸医療センター,兵庫県神戸市西区糀台５丁目７番地の１,28111,その他,POINT (135.019026 34.7168465)
2819800026,兵庫県立西宮病院,兵庫県西宮市六湛寺町１３－９,28204,地域,POINT (135.3404288 34.7380337)
2819900099,神戸大学医学部附属病院,兵庫県神戸市中央区楠町７丁目５－２,28110,総合,POINT (135.1706724 34.6850985)
2819900107,独立行政法人国立病院機構神戸医療センター,兵庫県神戸市須磨区西落合３丁目１－１,28107,その他,POINT (135.0844069 34.6803212)
2910111539,奈良県総合医療センター,奈良県奈良市七条西町二丁目８９７番５,29201,地域,POINT (135.7675247 34.6624224)
2910301296,近畿大学奈良病院,奈良県生駒市乙田町１２４８－１,29209,その他,POINT (135.7157289 34.650803)
2910801121,大和高田市立病院,奈良県大和高田市礒野北町１番１号,29202,その他,POINT (135.736633 34.510122)
2910901087,公益財団法人天理よろづ相談所病院,奈良県天理市三島町２００,29204,その他,POINT (135.8385896 34.6024758)
2919801833,奈良県立医科大学附属病院,奈良県橿原市四条町８４０番地,29205,総合,POINT (135.7927036 34.503872)
3012010090,ひだか病院,和歌山県御坊市薗１１６番地の２,30205,その他,POINT (135.1540822 33.8952343)
3018012785,和歌山県立医科大学附属病院,和歌山県和歌山市紀三井寺８１１番地１,30201,総合,POINT (135.1818777 34.1876547)
3018210124,日本赤十字社和歌山医療センター,和歌山県和歌山市小松原通４丁目２０番地,30201,地域,POINT (135.168584 34.220399)
3018210595,紀南病院,和歌山県田辺市新庄町４６番地７０,30206,地域,POINT (135.4041153 33.7305984)
3110111097,鳥取県立中央病院,鳥取県鳥取市江津７３０,31201,地域,POINT (134.2124974 35.5215988)
3110112418,鳥取市立病院,鳥取県鳥取市的場一丁目１番地,31201,その他,POINT (134.234376 35.474412)
3110310236,鳥取県立厚生病院,鳥取県倉吉市東昭和町１５０番地,31203,その他,POINT (133.8403349 35.4359687)
3118010028,鳥取大学医学部附属病院,鳥取県米子市西町３６番地１,31202,総合,POINT (133.3239342 35.428328)
3210110049,松江赤十字病院,島根県松江市母衣町２００番地,32201,地域,POINT (133.0570507 35.4709984)
3210113738,松江市立病院,島根県松江市乃白町３２番地１,32201,その他,POINT (133.055411 35.43866)
3210412015,島根県立中央病院,島根県出雲市姫原四丁目１番地１,32203,地域,POINT (132.7543674 35.3745597)
3210510891,大田市立病院,島根県大田市大田町吉永１４２８－３,32205,その他,POINT (132.5034944 35.181162)
3210610758,島根県済生会江津総合病院,島根県江津市江津町１０１６番地３７,32207,その他,POINT (132.2148808 35.012859)
3210810036,益田赤十字病院,島根県益田市乙吉町イ１０３番地１,32204,地域,POINT (131.84137 34.6840516)
3215010046,島根大学医学部附属病院,島根県出雲市塩冶町８９番１,32203,総合,POINT (132.7532047 35.3477573)
3215010053,独立行政法人国立病院機構浜田医療センター,島根県浜田市浅井町７７７番１２,32202,その他,POINT (132.0877918 34.9034504)
3310114032,社会医療法人鴻仁会岡山中央病院,岡山県岡山市北区伊島北町６番３号,33101,その他,POINT (133.9048865 34.6811113)
3310210012,公益財団法人大原記念倉敷中央医療機構倉敷中央病院,岡山県倉敷市美和１丁目１番１号,33202,総合,POINT (133.7757508 34.6022904)
3310210517,倉敷成人病センター,岡山県倉敷市白楽町２５０番地,33202,その他,POINT (133.765218 34.588327)
3310210608,川崎医科大学附属病院,岡山県倉敷市松島５７７番地,33202,地域,POINT (133.8113921 34.6320287)
3310310531,津山中央病院,岡山県津山市川崎１７５６番地,33203,地域,POINT (134.039789 35.0647746)
3318800061,岡山赤十字病院,岡山県岡山市北区青江二丁目１番１号,33101,地域,POINT (133.9232356 34.6356114)
3318800087,岡山済生会総合病院,岡山県岡山市北区国体町２番２５号,33101,その他,POINT (133.9201752 34.6726283)
3318903089,岡山市立市民病院,岡山県岡山市北区北長瀬表町３丁目２０番１号,33101,その他,POINT (133.8847422 34.6520309)
3319800011,岡山大学病院,岡山県岡山市北区鹿田町２－５－１,33101,地域,POINT (133.9206523 34.6507388)
3319800037,独立行政法人国立病院機構岡山医療センター,岡山県岡山市北区田益１７１１－１,33101,総合,POINT (133.8995481 34.708054)
3410110252,医療法人あかね会土谷総合病院,広島県広島市中区中島町３－３０,34101,地域,POINT (132.4515584 34.3903212)
3410110427,広島赤十字・原爆病院,広島県広島市中区千田町１丁目９－６,34101,その他,POINT (132.4543211 34.3808459)
3410124378,地方独立行政法人広島市立病院機構広島市立広島市民病院,広島県広島市中区基町７番３３号,34101,総合,POINT (132.4599565 34.3978597)
3410126977,県立広島病院,広島県広島市南区宇品神田一丁目５番５４号,34103,総合,POINT (132.4665088 34.3669522)
3410225340,地方独立行政法人広島市立病院機構広島市立北部医療センター安佐市民病院,広島県広島市安佐北区亀山南１丁目２番１号,34106,その他,POINT (132.4969314 34.5165463)
3410513638,独立行政法人労働者健康安全機構中国労災病院,広島県呉市広多賀谷１－５－１,34202,地域,POINT (132.6136903 34.2306652)
3410911634,社会医療法人里仁会興生総合病院,広島県三原市円一町二丁目５番１号,34204,その他,POINT (133.077124 34.392514)
3411112067,広島県厚生農業協同組合連合会尾道総合病院,広島県尾道市平原１丁目１０番２３号,34205,地域,POINT (133.1763404 34.4071982)
3411511219,公立学校共済組合中国中央病院,広島県福山市御幸町大字上岩成１４８－１３,34207,その他,POINT (133.347991 34.5480802)
3411511276,福山市民病院,広島県福山市蔵王町５丁目２３－１,34207,その他,POINT (133.3978567 34.5109916)
3411910809,市立三次中央病院,広島県三次市東酒屋町１０５３１番地,34209,地域,POINT (132.8677063 34.782032)
3412710018,広島県厚生農業協同組合連合会広島総合病院,広島県廿日市市地御前１丁目３－３,34213,その他,POINT (132.323154 34.344284)
3418010017,広島大学病院,広島県広島市南区霞１丁目２－３,34103,地域,POINT (132.4781029 34.3795683)
3418010033,独立行政法人国立病院機構呉医療センター,広島県呉市青山町３－１,34202,地域,POINT (132.565652 34.239492)
3418010041,独立行政法人国立病院機構福山医療センター,広島県福山市沖野上町４丁目１４－１７,34207,地域,POINT (133.370615 34.470461)
3418010066,独立行政法人国立病院機構東広島医療センター,広島県東広島市西条町寺家５１３,34212,地域,POINT (132.7233075 34.4482906)
3510116357,山口県済生会下関総合病院,山口県下関市安岡町８丁目５番１号,35201,地域,POINT (130.9310655 34.0314535)
3510117652,山口県済生会豊浦病院,山口県下関市豊浦町大字小串１０００７番３,35201,その他,POINT (130.9262254 34.1691896)
3510310398,綜合病院山口赤十字病院,山口県山口市八幡馬場５３番地１,35203,地域,POINT (131.4824696 34.1846811)
3510510187,独立行政法人地域医療機能推進機構徳山中央病院,山口県周南市孝田町１番１号,35215,地域,POINT (131.8340667 34.0476286)
3510612546,山口県立総合医療センター,山口県防府市大字大崎１００７７番地,35206,総合,POINT (131.5423735 34.0661685)
3510910304,山陽小野田市民病院,山口県山陽小野田市大字東高泊１８６３番地１,35216,その他,POINT (131.1772788 33.9979663)
3511210027,山口県厚生農業協同組合連合会周東総合病院,山口県柳井市古開作１０００番地１,35212,その他,POINT (132.0960543 33.9587358)
3518810050,山口大学医学部附属病院,山口県宇部市南小串１丁目１番１号,35202,総合,POINT (131.2487163 33.9596989)
3518812684,独立行政法人国立病院機構岩国医療センター,山口県岩国市愛宕町１丁目１－１,35208,地域,POINT (132.2033032 34.1433917)
3518816933,独立行政法人国立病院機構関門医療センター,山口県下関市長府外浦町１番１号,35201,その他,POINT (130.9923752 33.9885003)
3610124913,徳島県立中央病院,徳島県徳島市蔵本町１丁目１０－３,36201,地域,POINT (134.5205759 34.0757624)
3610124921,徳島市民病院,徳島県徳島市北常三島町２丁目３４番地,36201,地域,POINT (134.5632281 34.0820782)
3610210118,徳島県鳴門病院,徳島県鳴門市撫養町黒崎字小谷３２番,36202,その他,POINT (134.5946735 34.1825214)
3610310157,徳島赤十字病院,徳島県小松島市小松島町字井利ノ口１０３番地,36203,地域,POINT (134.5833875 34.0124044)
3611710025,吉野川医療センター,徳島県吉野川市鴨島町知恵島字西知恵島１２０,36205,その他,POINT (134.3408418 34.0753503)
3611814025,つるぎ町立半田病院,徳島県美馬郡つるぎ町半田字中藪２３４－１,36468,その他,POINT (134.0372821 34.0394338)
3618010015,徳島大学病院,徳島県徳島市蔵本町２丁目５０番地の１,36201,総合,POINT (134.51858 34.0742112)
3710310867,社会医療法人財団大樹会総合病院回生病院,香川県坂出市室町三丁目５番２８号,37203,その他,POINT (133.8616815 34.3178558)
3717010239,高松赤十字病院,香川県高松市番町四丁目１番３号,37201,地域,POINT (134.0430437 34.340779)
3717010379,三豊総合病院,香川県観音寺市豊浜町姫浜７０８番地,37205,その他,POINT (133.6419324 34.0820305)
3717011351,さぬき市民病院,香川県さぬき市寒川町石田東甲３８７番地１,37206,その他,POINT (134.2020667 34.2671584)
3717011674,香川県立中央病院,香川県高松市朝日町一丁目２番１号,37201,その他,POINT (134.0625552 34.3488113)
3717011740,香川県厚生農業協同組合連合会屋島総合病院,香川県高松市屋島西町２１０５番地１７,37201,その他,POINT (134.0905427 34.3434295)
3717011765,高松市立みんなの病院,香川県高松市仏生山町甲８４７番地１,37201,その他,POINT (134.0404772 34.2826879)
3718010048,独立行政法人国立病院機構四国こどもとおとなの医療センター,香川県善通寺市仙遊町二丁目１番１号,37204,総合,POINT (133.7709285 34.2287155)
3718011186,香川大学医学部附属病院,香川県木田郡三木町大字池戸１７５０番地１,37341,総合,POINT (134.1231934 34.2922833)
3810118111,松山赤十字病院,愛媛県松山市文京町１番地,38201,地域,POINT (132.7743961 33.8485276)
3810118483,愛媛県立中央病院,愛媛県松山市春日町８３番地,38201,総合,POINT (132.7647708 33.8322879)
3810218028,愛媛県立今治病院,愛媛県今治市石井町４丁目５番５号,38202,地域,POINT (132.9875466 34.0855421)
3810310510,市立宇和島病院,愛媛県宇和島市御殿町１番１号,38203,地域,POINT (132.565066 33.2162721)
3810518062,愛媛県立新居浜病院,愛媛県新居浜市本郷三丁目１番１号,38205,地域,POINT (133.2805037 33.9328943)
3810628135,西条中央病院,愛媛県西条市朔日市８０４番地,38206,その他,POINT (133.1793274 33.9291648)
3818010047,愛媛大学医学部附属病院,愛媛県東温市志津川,38215,地域,POINT (132.879822 33.803313)
3910118128,高知県・高知市病院企業団立高知医療センター,高知県高知市池２１２５番地１,39201,総合,POINT (133.5857862 33.5313244)
3910310014,高知県立あき総合病院,高知県安芸市宝永町３番３３号,39203,その他,POINT (133.8974126 33.506205)
3910910532,高知県立幡多けんみん病院,高知県宿毛市山奈町芳奈３－１,39208,その他,POINT (132.8054624 32.966643)
3918010012,独立行政法人国立病院機構高知病院,高知県高知市朝倉西町１丁目２番２５号,39201,その他,POINT (133.484234 33.542829)
3918010525,高知大学医学部附属病院,高知県南国市岡豊町小蓮１８５番地１,39204,地域,POINT (133.6143536 33.5944738)
4010213355,地方独立行政法人福岡市立病院機構福岡市立こども病院,福岡県福岡市東区香椎照葉五丁目１番１号,40131,地域,POINT (130.4186958 33.662263)
4010319269,千鳥橋病院,福岡県福岡市博多区千代５丁目１８－１,40132,その他,POINT (130.4122653 33.6080316)
4010519165,宗像水光会総合病院,福岡県福津市日蒔野５丁目７番地の１,40224,その他,POINT (130.4966059 33.7602791)
4011119114,国家公務員共済組合連合会浜の町病院,福岡県福岡市中央区長浜３丁目３番１号,40133,その他,POINT (130.39364 33.5963802)
4011119189,福岡県済生会福岡総合病院,福岡県福岡市中央区天神１丁目３－４６,40133,その他,POINT (130.4028217 33.5895144)
4011119445,福岡大学病院,福岡県福岡市城南区七隈７丁目４５番１号,40136,総合,POINT (130.3597825 33.5476464)
4011219187,福岡赤十字病院,福岡県福岡市南区大楠３丁目１－１,40134,その他,POINT (130.4144302 33.5717425)
4011619105,医療法人徳洲会福岡徳洲会病院,福岡県春日市須玖北４丁目５,40218,地域,POINT (130.4471822 33.5437724)
4012119105,公立八女総合病院,福岡県八女市高塚５４０－２,40210,その他,POINT (130.5601171 33.2062069)
4012219012,久留米大学病院,福岡県久留米市旭町６７番地,40203,総合,POINT (130.5107536 33.3259416)
4012219038,聖マリア病院,福岡県久留米市津福本町４２２,40203,総合,POINT (130.5093766 33.3036761)
4014419958,大牟田市立病院,福岡県大牟田市宝坂町２丁目１９番地１,40202,その他,POINT (130.4456176 33.0242391)
4015519145,飯塚病院,福岡県飯塚市芳雄町３番８３号,40205,総合,POINT (130.6914312 33.6419013)
4015619051,社会保険田川病院,福岡県田川市上本町１０－１８,40206,その他,POINT (130.7983597 33.6235168)
4015629118,田川市立病院,福岡県田川市大字糒１７００番地の２,40206,その他,POINT (130.7994429 33.6594352)
4016119523,福岡新水巻病院,福岡県遠賀郡水巻町立屋敷１丁目２番１号,40382,その他,POINT (130.688594 33.852203)
4016619175,独立行政法人地域医療機能推進機構九州病院,福岡県北九州市八幡西区岸の浦一丁目８番１号,40109,地域,POINT (130.7657401 33.8573754)
4016619217,産業医科大学病院,福岡県北九州市八幡西区医生ケ丘１－１,40109,総合,POINT (130.7138283 33.8778921)
4017911951,北九州総合病院,福岡県北九州市小倉北区東城野町１番１号,40106,その他,POINT (130.8882339 33.8588776)
4017912132,北九州市立医療センター,福岡県北九州市小倉北区馬借２－１－１,40106,総合,POINT (130.878991 33.879332)
4019819897,九州大学病院,福岡県福岡市東区馬出３丁目１－１,40131,総合,POINT (130.4156777 33.6091588)
4019919929,独立行政法人国立病院機構九州医療センター,福岡県福岡市中央区地行浜１丁目８番１号,40133,地域,POINT (130.3612443 33.5922543)
4019919986,独立行政法人国立病院機構小倉医療センター,福岡県北九州市小倉南区春ケ丘１０番１号,40107,地域,POINT (130.8836289 33.8493896)
4119811349,佐賀県医療センター好生館,佐賀県佐賀市嘉瀬町中原４００番地,41201,地域,POINT (130.2681812 33.2417094)
4119811356,唐津赤十字病院,佐賀県唐津市和多田２４３０,41202,その他,POINT (129.9742562 33.4343069)
4119910018,独立行政法人国立病院機構佐賀病院,佐賀県佐賀市日の出一丁目２０番１号,41201,総合,POINT (130.2937139 33.2762065)
4119910067,佐賀大学医学部附属病院,佐賀県佐賀市鍋島５丁目１番１号,41201,地域,POINT (130.2669196 33.284383)
4119910075,独立行政法人国立病院機構嬉野医療センター,佐賀県嬉野市嬉野町大字下宿甲４７６０番地１,41209,その他,POINT (129.9972181 33.1049435)
4218010066,独立行政法人国立病院機構長崎医療センター,長崎県大村市久原２丁目１００１－１,42205,総合,POINT (129.9736465 32.8964124)
4218010132,長崎大学病院,長崎県長崎市坂本１丁目７－１,42201,総合,POINT (129.868454 32.7699191)
4218111393,独立行政法人地域医療機能推進機構諫早総合病院,長崎県諫早市永昌東町２４－１,42204,その他,POINT (130.0419404 32.8553299)
4218124586,地方独立行政法人長崎市立病院機構長崎みなとメディカルセンタ―,長崎県長崎市新地町６番３９号,42201,地域,POINT (129.872465 32.7398044)
4218124651,長崎県対馬病院,長崎県対馬市美津島町鶏知乙１１６８番７,42209,その他,POINT (129.3172282 34.2860572)
4218124677,佐世保市総合医療センター,長崎県佐世保市平瀬町９番地３　,42202,地域,POINT (129.7161445 33.1726892)
4310119922,福田病院,熊本県熊本市中央区新町２－２－６,43101,地域,POINT (130.6987098 32.8000889)
4318111269,熊本大学病院,熊本県熊本市中央区本荘１－１－１,43101,総合,POINT (130.7113956 32.7962541)
4318210079,熊本赤十字病院,熊本県熊本市東区長嶺南２－１－１　,43102,地域,POINT (130.7635811 32.8080736)
4318210327,熊本市立熊本市民病院,熊本県熊本市東区東町４丁目１－６０,43102,総合,POINT (130.7631327 32.7874918)
4318210533,荒尾市立有明医療センター,熊本県荒尾市荒尾２６００番地,43204,その他,POINT (130.4461103 32.9750662)
4318210988,国保水俣市立総合医療センター,熊本県水俣市天神町１－２－１,43205,その他,POINT (130.4051895 32.2102599)
4318211366,独立行政法人地域医療機能推進機構人吉医療センター,熊本県人吉市老神町３５,43203,その他,POINT (130.759138 32.2093308)
4318212356,くまもと県北病院,熊本県玉名市玉名５５０番地,43206,その他,POINT (130.5757261 32.9459043)
4410121091,大分市医師会立アルメイダ病院,大分県大分市大字宮崎１５０９－２,44201,その他,POINT (131.6100098 33.1930401)
4410312153,中津市立中津市民病院,大分県中津市大字下池永１７３番地,44203,地域,POINT (131.216207 33.5903001)
4418010023,独立行政法人国立病院機構別府医療センター,大分県別府市大字内竃１４７３番地,44202,地域,POINT (131.4870728 33.3319143)
4418210672,大分大学医学部附属病院,大分県由布市挾間町医大ケ丘１丁目１番地,44213,地域,POINT (131.5348937 33.2095201)
4418310100,大分県立病院,大分県大分市豊饒二丁目８番１号,44201,総合,POINT (131.5988785 33.2069424)
4510115043,古賀総合病院,宮崎県宮崎市池内町数太木１７４９番地１,45201,地域,POINT (131.410756 31.971275)
4510120241,宮崎市郡医師会病院,宮崎県宮崎市大字有田１１７３番地,45201,地域,POINT (131.3696619 31.940717)
4510510839,小林市立病院,宮崎県小林市細野２２３５番地３,45205,その他,POINT (130.9856715 31.9889821)
4518010022,独立行政法人国立病院機構都城医療センター,宮崎県都城市祝吉町５０３３番地１,45202,地域,POINT (131.085619 31.739209)
4518010063,宮崎大学医学部附属病院,宮崎県宮崎市清武町木原５２００番地,45201,総合,POINT (131.39841 31.8403)
4518110020,県立宮崎病院,宮崎県宮崎市北高松町５番３０号,45201,地域,POINT (131.4170536 31.9172723)
4518110087,県立延岡病院,宮崎県延岡市新小路２丁目１番地１０,45203,地域,POINT (131.6665062 32.5704915)
4518110103,県立日南病院,宮崎県日南市木山１丁目９番５号,45204,地域,POINT (131.3952586 31.5910857)
4610116230,今村総合病院,鹿児島県鹿児島市鴨池新町１１－２３,46201,その他,POINT (130.5576768 31.5568545)
4610126635,鹿児島市立病院,鹿児島県鹿児島市上荒田町３７番１号,46201,総合,POINT (130.5421092 31.5742559)
4610127898,いまきいれ総合病院,鹿児島県鹿児島市高麗町４３番２５号,46201,地域,POINT (130.5533434 31.5778896)
4611510084,社会福祉法人恩賜財団済生会川内病院,鹿児島県薩摩川内市原田町２番４６号,46215,地域,POINT (130.3059296 31.8272387)
4613110446,医療法人徳洲会屋久島徳洲会病院,鹿児島県熊毛郡屋久島町宮之浦２４６７番地,46505,その他,POINT (130.5865257 30.418275)
4616010056,県立大島病院,鹿児島県奄美市名瀬真名津町１８番１号,46222,地域,POINT (129.500979 28.367285)
4616010072,県民健康プラザ鹿屋医療センター,鹿児島県鹿屋市札元一丁目８ー８,46203,地域,POINT (130.8694169 31.3934151)
4618010047,独立行政法人国立病院機構指宿医療センター　,鹿児島県指宿市十二町４１４５,46210,その他,POINT (130.6459782 31.220422)
4618010211,鹿児島大学病院,鹿児島県鹿児島市桜ケ丘八丁目３５番１号,46201,地域,POINT (130.5279392 31.5471586)
4710117153,地方独立行政法人那覇市立病院,沖縄県那覇市古島２丁目３１番地１,47201,地域,POINT (127.709198 26.2266582)
4710117310,沖縄協同病院,沖縄県那覇市古波蔵４丁目１０番５５号,47201,その他,POINT (127.6900551 26.1959208)
4710412737,社会医療法人敬愛会中頭病院,沖縄県沖縄市字登川６１０番地,47211,その他,POINT (127.8255301 26.3666435)
4711110660,友愛医療センター,沖縄県豊見城市字与根５０番地５,47212,その他,POINT (127.6545159 26.1708173)
4712210287,社会医療法人かりゆし会ハートライフ病院,沖縄県中頭郡中城村伊集２０８,47328,その他,POINT (127.7711231 26.2376315)
4718010103,琉球大学病院,沖縄県宜野湾市字喜友名１０７６番地,47205,地域,POINT (127.7669242 26.2895082)
4718110028,沖縄県立中部病院,沖縄県うるま市宮里２８１番地,47213,総合,POINT (127.8355766 26.354237)
4718110150,沖縄県立北部病院,沖縄県名護市大中２－１２－３,47209,地域,POINT (127.9861902 26.5923593)
4718110176,沖縄県立南部医療センター・こども医療センター,沖縄県島尻郡南風原町新川１１８番地の１,47350,総合,POINT (127.7236024 26.2053186)
4718110184,沖縄赤十字病院,沖縄県那覇市与儀１丁目３番１号,47201,地域,POINT (127.6927325 26.2068948)
4718110192,沖縄県立宮古病院,沖縄県宮古島市平良字下里４２７番１,47214,地域,POINT (125.2758946 24.7995411)
4718110200,沖縄県立八重山病院,沖縄県石垣市真栄里５８４番地１,47207,地域,POINT (124.1837994 24.3434955)
